{"cameraMode":{"drawMode":0,"name":"Shaded","section":"Shading Mode"},"sceneLighting":true,"audioPlay":false,"sceneViewState":{"m_AlwaysRefresh":false,"showFog":true,"showSkybox":true,"showFlares":true,"showImageEffects":true,"showParticleSystems":true,"showVisualEffectGraphs":true,"m_FxEnabled":true},"in2DMode":false,"pivot":{"x":-2.8206186294555666,"y":4.157174110412598,"z":82.14298248291016},"rotation":{"x":0.13048137724399568,"y":0.22543877363204957,"z":-0.030485281720757486,"w":0.9650053381919861},"size":0.9499083757400513,"orthographic":false}